x,bin,bin_lo,bin_hi,scheme,n,backgrounds,x_mean,DCRE_total,DCRE_total_se,DCRE_CF,DCRE_A_Nc,DCRE_A_LWP,DCRE_A_re,DCRE_A_cov
Nd,2,30.0,45.0,ML,11,mid/mid2/org,42.139939828381664,-47.548831824100375,2.1288221447441926,-0.8606801653450187,-37.863558254819935,-17.752621014912922,9.14644793886127,-0.24162343714640216
Nd,3,45.0,60.0,ML,7,mid/mid2/org,52.57931324522249,-25.551017543247763,3.217798352862246,-0.3670215304378265,-23.940790439787367,-7.572241376695179,6.368687336785454,-0.12630093901368253
Nd,4,60.0,inf,ML,6,mid/mid2/org,101.55498535123208,-8.636832532802453,3.111122583111116,-0.08644874589492839,-9.45084968351592,-1.5016839816363359,2.416900990085883,-0.06709307325043047
Nd,0,0.0,15.0,ARG,6,mid/mid2,11.014777292304123,-62.679083845350476,2.709422024745987,-0.8501577486594517,-37.43248700035943,-28.369101142883306,4.108986796273125,-0.1436700004049473
Nd,1,15.0,30.0,ARG,8,mid/mid2/org,24.842355741232332,-34.29808270136515,2.888068904594917,-0.4340147519484162,-24.829329188664754,-12.97532109419505,4.108236082394917,-0.18483466066342466
Nd,2,30.0,45.0,ARG,4,mid2/org,38.89005424181449,-18.665073211987814,3.304550140652723,-0.2982118520980293,-16.73255390326182,-5.5663763910532005,4.024065299828846,-0.13400428508224038
Nd,3,45.0,60.0,ARG,3,mid/org,51.055767264069054,-14.336212688022192,1.842112915103665,-0.12334156838866567,-14.92426454755995,-2.809514700041877,3.6388547155592175,-0.1534963708112223
Nd,4,60.0,inf,ARG,3,mid/mid2/org,111.10125681834448,-2.607707529495924,0.6336065782406372,-0.0024633831695283436,-3.3278170942496033,-0.12473583801124148,0.851170510149155,-0.00668234740889882
LWP,0,0.0,75.0,ML,8,org,26.980726709731524,-28.338529671805027,5.507776431577645,-0.8323391031161942,-24.14565958992029,-9.347820127972785,6.21954827545545,-0.3427976300292171
LWP,1,75.0,150.0,ML,8,mid2,121.98935437878883,-30.297707543068398,6.435962786285521,-0.3187735036932095,-26.6069068342901,-9.696583670227287,6.365427482070831,-0.05192619599415007
LWP,2,150.0,inf,ML,8,mid,180.63751585315003,-35.57817129320823,7.557012210354884,-0.41830301909429135,-29.346155073617894,-13.11742428814073,7.376667320659648,-0.09834152662773096
LWP,0,0.0,75.0,ARG,8,org,34.86211088682376,-22.35644179322781,3.691705402095466,-0.5026487918651606,-18.520606527725857,-7.429947924360376,4.306124882123027,-0.2483730928802964
LWP,1,75.0,150.0,ARG,6,mid2,128.51283145734504,-27.180058622997034,9.755712651625096,-0.2889261237233822,-19.837403178915512,-9.991582769774395,3.004649901463308,-0.07121603511930312
LWP,2,150.0,inf,ARG,10,mid/mid2,174.12629067853757,-43.401933209972505,7.429525055767193,-0.4388579693349162,-27.772674475465067,-18.5696352775703,3.460924784747454,-0.09429696289682162
