background,bin,term,ARG_minus_ML,SE,n_ML,n_ARG
org,2017-07-15 09:00:00,DCRE_CF,-0.0014648753567598541,0.006734948982248365,13,13
org,2017-07-15 09:30:00,DCRE_CF,0.01606646378835043,0.013146157294193108,15,15
org,2017-07-15 10:00:00,DCRE_CF,0.14602029820283255,0.024661588234082644,15,15
org,2017-07-15 10:30:00,DCRE_CF,0.2893979052702586,0.04045042393756581,15,15
org,2017-07-15 11:00:00,DCRE_CF,0.4531161824862162,0.03345557248669327,15,15
org,2017-07-15 11:30:00,DCRE_CF,0.5775136947631836,0.018759041044661858,15,15
org,2017-07-15 12:00:00,DCRE_CF,0.4686420718828837,0.025575024916952332,15,15
org,2017-07-15 12:30:00,DCRE_CF,0.6882307489713033,0.1342278505640451,15,15
org,2017-07-15 09:00:00,DCRE_A_Nc,-1.4564148095937877,2.8552979198544604,13,13
org,2017-07-15 09:30:00,DCRE_A_Nc,-0.9494890213012696,0.39604563621149536,15,15
org,2017-07-15 10:00:00,DCRE_A_Nc,2.64223353068034,0.5704796115294933,15,15
org,2017-07-15 10:30:00,DCRE_A_Nc,5.774183781941732,0.2553038091799382,15,15
org,2017-07-15 11:00:00,DCRE_A_Nc,7.301858774820965,0.2152820106395605,15,15
org,2017-07-15 11:30:00,DCRE_A_Nc,8.802408727010091,0.24369322664366502,15,15
org,2017-07-15 12:00:00,DCRE_A_Nc,10.311125946044921,0.5099928900891825,15,15
org,2017-07-15 12:30:00,DCRE_A_Nc,12.574517567952475,0.2122815786110076,15,15
org,2017-07-15 09:00:00,DCRE_A_LWP,-0.010130197015734274,0.10779351839751351,13,13
org,2017-07-15 09:30:00,DCRE_A_LWP,-0.062145098050435464,0.21158808897185483,15,15
org,2017-07-15 10:00:00,DCRE_A_LWP,0.7219812870025635,0.3646302035245525,15,15
org,2017-07-15 10:30:00,DCRE_A_LWP,2.168557548522949,0.34482623036798277,15,15
org,2017-07-15 11:00:00,DCRE_A_LWP,2.4960927327473947,0.26274652551551775,15,15
org,2017-07-15 11:30:00,DCRE_A_LWP,2.9171011606852213,0.20178805936671484,15,15
org,2017-07-15 12:00:00,DCRE_A_LWP,3.558685620625814,0.15148946045948677,15,15
org,2017-07-15 12:30:00,DCRE_A_LWP,3.552834574381511,0.20264571720943045,15,15
org,2017-07-15 09:00:00,DCRE_A_re,0.1419019527160204,0.366631814484325,13,13
org,2017-07-15 09:30:00,DCRE_A_re,0.5062542756398519,0.17707470882829274,15,15
org,2017-07-15 10:00:00,DCRE_A_re,-0.66717422803243,0.20810573128428897,15,15
org,2017-07-15 10:30:00,DCRE_A_re,-1.7991066614786784,0.07750492698214576,15,15
org,2017-07-15 11:00:00,DCRE_A_re,-2.34351069132487,0.08400472856289737,15,15
org,2017-07-15 11:30:00,DCRE_A_re,-2.9740832646687827,0.10448131178558802,15,15
org,2017-07-15 12:00:00,DCRE_A_re,-3.6854330698649087,0.11992009905990074,15,15
org,2017-07-15 12:30:00,DCRE_A_re,-4.486235459645589,0.09151170679135696,15,15
org,2017-07-15 09:00:00,DCRE_A_cov,-0.012390637904620496,0.017476288081504632,13,13
org,2017-07-15 09:30:00,DCRE_A_cov,-0.03893586297829946,0.017513569523807008,15,15
org,2017-07-15 10:00:00,DCRE_A_cov,-0.015131232142448436,0.014626775147242102,15,15
org,2017-07-15 10:30:00,DCRE_A_cov,-0.012232499321301792,0.015544578865687062,15,15
org,2017-07-15 11:00:00,DCRE_A_cov,0.024658086026708288,0.028097284299877196,15,15
org,2017-07-15 11:30:00,DCRE_A_cov,0.1851739843686422,0.026264849299687577,15,15
org,2017-07-15 12:00:00,DCRE_A_cov,0.29704366326332093,0.011832506321101915,15,15
org,2017-07-15 12:30:00,DCRE_A_cov,0.327210795879364,0.019175392586824765,15,15
org,2017-07-15 09:00:00,DCRE_total,-1.3495033566768353,2.5981846575561565,13,13
org,2017-07-15 09:30:00,DCRE_total,-0.586800575256348,0.4534426551920682,15,15
org,2017-07-15 10:00:00,DCRE_total,2.694152259826661,0.7515915330721243,15,15
org,2017-07-15 10:30:00,DCRE_total,6.268818791707358,0.5629130284613327,15,15
org,2017-07-15 11:00:00,DCRE_total,7.785786692301431,0.4647018461162186,15,15
org,2017-07-15 11:30:00,DCRE_total,9.442138671875,0.37696397141501053,15,15
org,2017-07-15 12:00:00,DCRE_total,10.942424774169922,0.6126966783536981,15,15
org,2017-07-15 12:30:00,DCRE_total,12.659685770670574,0.5659390980815251,15,15
mid,2017-07-15 09:00:00,DCRE_CF,-0.001548855332657677,0.0013359872814185532,13,13
mid,2017-07-15 09:30:00,DCRE_CF,-0.008789308648556473,0.009829282802613738,15,15
mid,2017-07-15 10:00:00,DCRE_CF,0.0027539163827896237,0.019593024977562302,15,15
mid,2017-07-15 10:30:00,DCRE_CF,0.016003858049710582,0.012791365136342396,15,15
mid,2017-07-15 11:00:00,DCRE_CF,0.01569199562072754,0.016269137207272934,15,15
mid,2017-07-15 11:30:00,DCRE_CF,-0.056000850598017377,0.031719586819873385,15,15
mid,2017-07-15 12:00:00,DCRE_CF,-0.1393442193667094,0.02325876696642357,15,15
mid,2017-07-15 12:30:00,DCRE_CF,0.17014086643854773,0.025850714898512445,15,15
mid,2017-07-15 09:00:00,DCRE_A_Nc,-0.7853037084524447,1.2433447300711158,13,13
mid,2017-07-15 09:30:00,DCRE_A_Nc,1.6990265528361002,1.1055941228174604,15,15
mid,2017-07-15 10:00:00,DCRE_A_Nc,4.091103235880534,0.8989145505590099,15,15
mid,2017-07-15 10:30:00,DCRE_A_Nc,5.309466298421224,0.7028420812742565,15,15
mid,2017-07-15 11:00:00,DCRE_A_Nc,4.994182713826495,0.5654634340568888,15,15
mid,2017-07-15 11:30:00,DCRE_A_Nc,4.527425384521484,0.3874280560558486,15,15
mid,2017-07-15 12:00:00,DCRE_A_Nc,3.258414459228516,0.15816342690287227,15,15
mid,2017-07-15 12:30:00,DCRE_A_Nc,3.136047363281251,0.21426309276124403,15,15
mid,2017-07-15 09:00:00,DCRE_A_LWP,-0.08089643104288438,0.10568814390510546,13,13
mid,2017-07-15 09:30:00,DCRE_A_LWP,-0.38654938936233535,0.4004874639678621,15,15
mid,2017-07-15 10:00:00,DCRE_A_LWP,-1.7073131720225014,0.7308641988957539,15,15
mid,2017-07-15 10:30:00,DCRE_A_LWP,-3.080097452799478,0.7715948210701414,15,15
mid,2017-07-15 11:00:00,DCRE_A_LWP,-3.92058359781901,0.4712065153150247,15,15
mid,2017-07-15 11:30:00,DCRE_A_LWP,-6.205332819620767,0.44647995838618987,15,15
mid,2017-07-15 12:00:00,DCRE_A_LWP,-7.542801793416341,0.16552535142194022,15,15
mid,2017-07-15 12:30:00,DCRE_A_LWP,-8.196215184529624,0.11315904883784314,15,15
mid,2017-07-15 09:00:00,DCRE_A_re,0.12862792475005755,0.34482667554954655,13,13
mid,2017-07-15 09:30:00,DCRE_A_re,-1.3427794615427653,0.28806519614646886,15,15
mid,2017-07-15 10:00:00,DCRE_A_re,-3.24048121770223,0.17438465549133433,15,15
mid,2017-07-15 10:30:00,DCRE_A_re,-4.72343012491862,0.13616403599254956,15,15
mid,2017-07-15 11:00:00,DCRE_A_re,-5.716617790857951,0.07950716391040073,15,15
mid,2017-07-15 11:30:00,DCRE_A_re,-6.118801164627075,0.1161981150233842,15,15
mid,2017-07-15 12:00:00,DCRE_A_re,-5.404280153910319,0.06569188407507927,15,15
mid,2017-07-15 12:30:00,DCRE_A_re,-5.033997440338135,0.12905363144238763,15,15
mid,2017-07-15 09:00:00,DCRE_A_cov,0.004781850904412132,0.003888759292464028,13,13
mid,2017-07-15 09:30:00,DCRE_A_cov,-0.006010208143076549,0.011272988658365506,15,15
mid,2017-07-15 10:00:00,DCRE_A_cov,0.006471455593903879,0.012291515726900073,15,15
mid,2017-07-15 10:30:00,DCRE_A_cov,0.01996866365273794,0.009316267524238916,15,15
mid,2017-07-15 11:00:00,DCRE_A_cov,0.004690428078174586,0.01354794326329602,15,15
mid,2017-07-15 11:30:00,DCRE_A_cov,-0.0060527595380942085,0.012832363878474346,15,15
mid,2017-07-15 12:00:00,DCRE_A_cov,-0.07826706245541573,0.017059060037102468,15,15
mid,2017-07-15 12:30:00,DCRE_A_cov,0.03949512069423993,0.017407493475405197,15,15
mid,2017-07-15 09:00:00,DCRE_total,-0.7344178901268885,0.9887620263479294,13,13
mid,2017-07-15 09:30:00,DCRE_total,-0.046768442789713184,1.2433591474240966,15,15
mid,2017-07-15 10:00:00,DCRE_total,-0.8536328633626302,1.5109202195056355,15,15
mid,2017-07-15 10:30:00,DCRE_total,-2.4754211425781247,1.4092226053468313,15,15
mid,2017-07-15 11:00:00,DCRE_total,-4.64475580851237,0.9915024229169376,15,15
mid,2017-07-15 11:30:00,DCRE_total,-7.868250020345053,0.769796572604974,15,15
mid,2017-07-15 12:00:00,DCRE_total,-9.91743952433268,0.26415183501113243,15,15
mid,2017-07-15 12:30:00,DCRE_total,-9.89368896484375,0.23325696349322894,15,15
mid2,2017-07-15 09:00:00,DCRE_CF,-0.009006101958220823,0.004047475178446725,13,13
mid2,2017-07-15 09:30:00,DCRE_CF,-0.0018873376742703598,0.006014376527377905,15,15
mid2,2017-07-15 10:00:00,DCRE_CF,0.01038556719819707,0.006300596394086237,15,15
mid2,2017-07-15 10:30:00,DCRE_CF,0.04775294462839762,0.007663146452908224,15,15
mid2,2017-07-15 11:00:00,DCRE_CF,0.141792435447375,0.014050622231986097,15,15
mid2,2017-07-15 11:30:00,DCRE_CF,0.17982891400655113,0.024512206485519283,15,15
mid2,2017-07-15 12:00:00,DCRE_CF,-0.1403350830078125,0.08534334422458578,15,15
mid2,2017-07-15 12:30:00,DCRE_CF,-0.45296299457550054,0.046733459074838946,15,15
mid2,2017-07-15 09:00:00,DCRE_A_Nc,0.798800631497915,1.203950860129167,13,13
mid2,2017-07-15 09:30:00,DCRE_A_Nc,2.5321016629536945,0.902458895944991,15,15
mid2,2017-07-15 10:00:00,DCRE_A_Nc,4.034894371032715,0.6380078730990653,15,15
mid2,2017-07-15 10:30:00,DCRE_A_Nc,3.6845559438069673,0.5438573411581762,15,15
mid2,2017-07-15 11:00:00,DCRE_A_Nc,4.185149637858071,0.5541142919868548,15,15
mid2,2017-07-15 11:30:00,DCRE_A_Nc,4.155179341634114,0.6081726767918721,15,15
mid2,2017-07-15 12:00:00,DCRE_A_Nc,2.6730369567871093,0.3987348374988797,15,15
mid2,2017-07-15 12:30:00,DCRE_A_Nc,2.579250590006511,0.25626895447983106,15,15
mid2,2017-07-15 09:00:00,DCRE_A_LWP,0.025092104127487306,0.1068563466418011,13,13
mid2,2017-07-15 09:30:00,DCRE_A_LWP,-0.48586562077204387,0.25002387689810296,15,15
mid2,2017-07-15 10:00:00,DCRE_A_LWP,-0.4765730539957682,0.36838722016128894,15,15
mid2,2017-07-15 10:30:00,DCRE_A_LWP,-0.6221984545389811,0.48057145674989793,15,15
mid2,2017-07-15 11:00:00,DCRE_A_LWP,-1.6423290252685556,0.5058451132182215,15,15
mid2,2017-07-15 11:30:00,DCRE_A_LWP,-5.378012975056967,0.7415738253125923,15,15
mid2,2017-07-15 12:00:00,DCRE_A_LWP,-11.07833023071289,0.40838392237886445,15,15
mid2,2017-07-15 12:30:00,DCRE_A_LWP,-12.355778630574545,0.2239003714496384,15,15
mid2,2017-07-15 09:00:00,DCRE_A_re,0.2018392730790835,0.332033909703243,13,13
mid2,2017-07-15 09:30:00,DCRE_A_re,-0.84042862256368,0.23066912019240982,15,15
mid2,2017-07-15 10:00:00,DCRE_A_re,-2.0935526688893638,0.08856808232560538,15,15
mid2,2017-07-15 10:30:00,DCRE_A_re,-2.6868892033894856,0.06873667243448978,15,15
mid2,2017-07-15 11:00:00,DCRE_A_re,-4.146141656239828,0.12136780522766724,15,15
mid2,2017-07-15 11:30:00,DCRE_A_re,-5.200687408447266,0.13169210113194063,15,15
mid2,2017-07-15 12:00:00,DCRE_A_re,-5.657184410095215,0.10863294561343935,15,15
mid2,2017-07-15 12:30:00,DCRE_A_re,-5.424807039896647,0.1431088620928887,15,15
mid2,2017-07-15 09:00:00,DCRE_A_cov,-0.010291624893747754,0.004312528374401124,13,13
mid2,2017-07-15 09:30:00,DCRE_A_cov,-0.017347346568324873,0.008379626610836818,15,15
mid2,2017-07-15 10:00:00,DCRE_A_cov,-0.011524701366821927,0.005211255752509802,15,15
mid2,2017-07-15 10:30:00,DCRE_A_cov,0.00648259098331134,0.009106718716589036,15,15
mid2,2017-07-15 11:00:00,DCRE_A_cov,-0.024205734922240173,0.007822380319183352,15,15
mid2,2017-07-15 11:30:00,DCRE_A_cov,0.0014073201920837333,0.007068493696326559,15,15
mid2,2017-07-15 12:00:00,DCRE_A_cov,-0.00786320554713408,0.01679386759741741,15,15
mid2,2017-07-15 12:30:00,DCRE_A_cov,-0.08985884537299474,0.01699556783525456,15,15
mid2,2017-07-15 09:00:00,DCRE_total,1.0125725492835047,0.9599339403113862,13,13
mid2,2017-07-15 09:30:00,DCRE_total,1.1782092094421381,0.9390920312622325,15,15
mid2,2017-07-15 10:00:00,DCRE_total,1.4561689376831055,0.9326124708541023,15,15
mid2,2017-07-15 10:30:00,DCRE_total,0.41654078165690106,0.9760782999377241,15,15
mid2,2017-07-15 11:00:00,DCRE_total,-1.5130330403645835,1.014147984307235,15,15
mid2,2017-07-15 11:30:00,DCRE_total,-6.2571853637695325,1.2848173706289565,15,15
mid2,2017-07-15 12:00:00,DCRE_total,-14.206593577067057,0.7792606010687395,15,15
mid2,2017-07-15 12:30:00,DCRE_total,-15.744957987467448,0.3897203690368087,15,15
