window_start,scheme,background,DCRE_total,DCRE_CF,DCRE_A_Nc,DCRE_A_LWP,DCRE_A_re,DCRE_A_cov,Nd,LWP,CF,n_times
2017-07-15 09:00:00,ML,org,-2.4508289144589352,-0.011741625019707345,-2.7424594255594106,-0.19198389823297754,0.49084361699911266,-0.019941072517002993,133.171111147185,24.139402253418783,0.2541041019762464,13
2017-07-15 09:30:00,ML,org,-13.456937344868978,-0.1291950613260269,-14.56180845896403,-1.8941285610198975,3.18682746887207,-0.14806141157944994,76.84084020734888,26.726314013653305,0.28133398382415825,15
2017-07-15 10:00:00,ML,org,-20.3571657816569,-0.3632294287284215,-20.303585561116538,-4.9115105787913,5.247149260838826,-0.22360833485921222,64.59087567012716,26.631715112304366,0.3071689320123366,15
2017-07-15 10:30:00,ML,org,-27.913014729817707,-0.713866408665975,-25.164923477172852,-8.959886105855306,6.890571530659994,-0.19839434921741483,58.00320476822973,26.42690235975541,0.3134051147684162,15
2017-07-15 11:00:00,ML,org,-32.973807144165036,-1.1593660632769267,-27.479500198364256,-11.759331321716308,7.4663900375366214,-0.26083145452042417,51.134993529576846,24.797710942718837,0.3215158938107845,15
2017-07-15 11:30:00,ML,org,-37.776631673177086,-1.3047492822011313,-30.116389338175455,-14.211384391784668,8.367688751220703,-0.6007154067357381,44.76362793130717,24.071662620221126,0.3976983769571586,15
2017-07-15 12:00:00,ML,org,-43.008172098795576,-1.1639364083607993,-34.36873296101888,-15.850371805826823,9.02553621927897,-0.6718343695004781,42.457825147474225,27.77863351231338,0.5330303774666338,15
2017-07-15 12:30:00,ML,org,-48.7716796875,-1.8126285473505657,-38.427877298990886,-17.003964360555013,9.081379318237305,-0.6189946413040162,44.33029813108111,35.273472863466985,0.5779142443843991,15
2017-07-15 09:00:00,ARG,org,-3.8003322711357703,-0.0132065003764672,-4.198874235153198,-0.2021140952487118,0.6327455697151331,-0.032331710421623486,121.2354931159854,24.38791455674715,0.2553092070870258,13
2017-07-15 09:30:00,ARG,org,-14.043737920125325,-0.11312859753767644,-15.5112974802653,-1.956273659070333,3.693081744511922,-0.1869972745577494,57.12354359187636,29.24143497127853,0.28833665402076114,15
2017-07-15 10:00:00,ARG,org,-17.66301352183024,-0.21720913052558896,-17.6613520304362,-4.189529291788737,4.579975032806397,-0.23873956700166063,47.527489922309094,31.824137093371533,0.32452759809674575,15
2017-07-15 10:30:00,ARG,org,-21.64419593811035,-0.42446850339571635,-19.39073969523112,-6.791328557332357,5.091464869181315,-0.2106268485387166,42.372268699058075,33.67213776895325,0.34597275671643146,15
2017-07-15 11:00:00,ARG,org,-25.188020451863608,-0.7062498807907105,-20.177641423543296,-9.263238588968912,5.122879346211751,-0.2361733684937159,36.8633296932853,33.55980784572173,0.36818940655221666,15
2017-07-15 11:30:00,ARG,org,-28.334493001302082,-0.7272355874379476,-21.313980611165366,-11.294283231099447,5.3936054865519205,-0.41554142236709596,29.78747881086754,33.47418299767389,0.46173772027984755,15
2017-07-15 12:00:00,ARG,org,-32.065747324625654,-0.6952943364779155,-24.057607014973957,-12.291686185201009,5.3401031494140625,-0.3747907062371572,25.5995319025851,39.53748229669388,0.6005438194273861,15
2017-07-15 12:30:00,ARG,org,-36.11199391682943,-1.1243977983792623,-25.853359731038413,-13.451129786173503,4.595143858591715,-0.2917838454246521,25.224971541555217,53.19978956415013,0.6217470909868354,15
2017-07-15 09:00:00,ML,mid,-1.647930846764491,0.003446753472627023,-2.3607015162706375,-0.024599840219777368,0.7267643605143979,0.0066715055327221835,148.52740145524604,153.71281600678125,0.9531165036415589,13
2017-07-15 09:30:00,ML,mid,-11.25511817932129,-0.030897668454175145,-13.299170684814452,-1.8961917599042257,3.9862868309021,-0.02874206273118031,70.06870023469521,190.29354941361757,0.9634213770390386,15
2017-07-15 10:00:00,ML,mid,-23.2890323638916,-0.17041058391332622,-23.43078982035319,-6.365122493108114,6.7643047650655115,-0.13048128535350162,56.17134131009743,195.54647302428037,0.963763794499486,15
2017-07-15 10:30:00,ML,mid,-36.18644421895345,-0.31348322828610736,-31.39224484761556,-12.685947227478028,8.320589860280355,-0.1657148202260335,49.53416829397397,183.51717151413334,0.9621097055050629,15
2017-07-15 11:00:00,ML,mid,-46.2382921854655,-0.4107978661855062,-37.072411092122394,-18.07783342997233,9.40250333150228,-0.1208517064650853,44.61200014078044,174.03950801617884,0.9726216144909341,15
2017-07-15 11:30:00,ML,mid,-51.844990793863936,-0.5284962395826975,-40.829535166422524,-20.247092946370444,9.820364634195963,-0.08711783165733016,42.4780556069698,178.01610331394497,0.9780437739385172,15
2017-07-15 12:00:00,ML,mid,-56.46974614461263,-0.8291128953297933,-42.518603006998696,-22.891385777791342,9.864812660217286,-0.11739809935291604,38.371614429806854,185.64911633338113,0.9746127760037119,15
2017-07-15 12:30:00,ML,mid,-57.69381561279297,-1.066672424475352,-43.8657844543457,-22.751220830281575,10.127712122599284,-0.14309791276852288,34.73309430549234,184.32538920288263,0.9597375747154672,15
2017-07-15 09:00:00,ARG,mid,-2.38234873689138,0.0018978981399693463,-3.1460052247230825,-0.10549627126266176,0.8553922852644553,0.011453356437134316,136.26693303866958,152.09998063358523,0.9538980374002481,13
2017-07-15 09:30:00,ARG,mid,-11.301886622111002,-0.03968697710273162,-11.600144131978352,-2.282741149266561,2.6435073693593343,-0.034752270874256856,48.51626827802169,196.9955112099028,0.9672287953637745,15
2017-07-15 10:00:00,ARG,mid,-24.14266522725423,-0.1676566675305366,-19.339686584472656,-8.072435665130616,3.523823547363281,-0.12400982975959773,27.584970277698165,205.25687684538426,0.9696302664737939,15
2017-07-15 10:30:00,ARG,mid,-38.661865361531575,-0.2974793702363968,-26.082778549194337,-15.766044680277506,3.597159735361735,-0.14574615657329557,17.98122790528781,188.56651015253544,0.9649503716440587,15
2017-07-15 11:00:00,ARG,mid,-50.88304799397786,-0.39510587056477864,-32.0782283782959,-21.99841702779134,3.685885540644328,-0.11616127838691072,13.436210637823187,172.47529539902135,0.9728158519610252,15
2017-07-15 11:30:00,ARG,mid,-59.71324081420899,-0.5844970901807149,-36.302109781901045,-26.45242576599121,3.7015634695688884,-0.09317059119542437,11.020229250812655,173.08708975543126,0.9756543573787494,15
2017-07-15 12:00:00,ARG,mid,-66.3871856689453,-0.9684571146965026,-39.260188547770184,-30.434187571207683,4.460532506306966,-0.19566516180833174,9.233980804579195,172.89346161085055,0.9690315192372426,15
2017-07-15 12:30:00,ARG,mid,-67.58750457763672,-0.8965315580368042,-40.72973709106445,-30.9474360148112,5.093714682261149,-0.10360279207428293,7.42129462845685,169.8240180472919,0.9521930183684052,15
2017-07-15 09:00:00,ML,mid2,-2.6530141297441263,0.012924554686133646,-3.437372454370444,-0.09168925164983821,0.8635344023887928,0.01112293665154046,116.13098339279018,100.3048418321692,0.8225714980044383,13
2017-07-15 09:30:00,ML,mid2,-10.940624872843424,-0.007775513309752554,-13.165112622578938,-1.2241756598154703,3.4503340562184652,-0.0034347668348345866,59.93612666833927,112.5235428009682,0.853751353293849,15
2017-07-15 10:00:00,ML,mid2,-19.521829732259114,-0.0628517404198646,-20.763717905680338,-4.024324083328247,5.365564219156901,-0.056910108526547695,47.70508066564912,114.88808447914272,0.905996001528426,15
2017-07-15 10:30:00,ML,mid2,-28.032369740804036,-0.14139717519283287,-26.18924420674642,-7.9869027455647785,6.323056888580322,-0.06833978841702139,45.57027748069107,116.4342134877438,0.939630584895876,15
2017-07-15 11:00:00,ML,mid2,-35.94185231526693,-0.24509290556112923,-31.45843073527018,-11.850251770019531,7.594524892171224,-0.011026976785312054,44.17062158390199,124.19105160232202,0.9519785383516653,15
2017-07-15 11:30:00,ML,mid2,-43.73999710083008,-0.4429384688536326,-36.36443099975586,-15.447294235229492,8.53218936920166,-0.03112273599642015,44.3949493013058,135.1430092354635,0.9575223805234858,15
2017-07-15 12:00:00,ML,mid2,-48.755811055501304,-0.6376183052857717,-39.651651763916014,-17.733531188964843,9.373351160685221,-0.10373628338177995,43.20604809889463,137.30343459102446,0.9688272742159992,15
2017-07-15 12:30:00,ML,mid2,-52.79616139729818,-1.0254384756088257,-41.825293986002606,-19.214500427246094,9.420864868164063,-0.15196184466282522,40.02120343518391,135.1266570014768,0.9663602991348017,15
2017-07-15 09:00:00,ARG,mid2,-1.6404415804606218,0.003918452727912823,-2.6385718228725286,-0.06659714752235092,1.0653736754678762,0.0008313117577927078,75.80134430037843,100.49487717250996,0.8251043969540652,13
2017-07-15 09:30:00,ARG,mid2,-9.762415663401287,-0.009662850984022914,-10.633010959625244,-1.7100412805875143,2.6099054336547853,-0.02078211340315946,41.07582485072067,118.72686098507079,0.8637392305102941,15
2017-07-15 10:00:00,ARG,mid2,-18.065660794576008,-0.05246617322166755,-16.728823534647624,-4.500897137324015,3.2720115502675373,-0.06843480989336963,35.248793724193916,129.24597917048712,0.9188409208766615,15
2017-07-15 10:30:00,ARG,mid2,-27.615828959147134,-0.0936442305644353,-22.504688262939453,-8.60910120010376,3.6361676851908364,-0.06185719743371006,29.84997230191187,137.58226763970694,0.9449308341748774,15
2017-07-15 11:00:00,ARG,mid2,-37.45488535563151,-0.10330047011375423,-27.27328109741211,-13.492580795288086,3.4483832359313964,-0.03523271170755223,23.51981474767992,148.71315306370434,0.9542044224278319,15
2017-07-15 11:30:00,ARG,mid2,-49.99718246459961,-0.2631095548470815,-32.209251658121744,-20.825307210286457,3.3315019607543945,-0.02971541580433642,19.19087844227303,159.76281762146922,0.9613280930156392,15
2017-07-15 12:00:00,ARG,mid2,-62.96240463256836,-0.7779533882935842,-36.978614807128906,-28.811861419677733,3.7161667505900065,-0.11159948892891404,14.52871090663991,150.30134550990383,0.968416509730069,15
2017-07-15 12:30:00,ARG,mid2,-68.54111938476562,-1.4784014701843262,-39.2460433959961,-31.57027905782064,3.9960578282674155,-0.24182069003582,10.448237525512939,136.31385071259118,0.9589696088867055,15
