time,DCRE_total,DCRE_CF,DCRE_A,DCRE_A_Nc,DCRE_A_LWP,DCRE_A_re,DCRE_A_cov,DCRE_sfc,DCRE_lw_toa,DCRE_lw_sfc,frac_Nc,frac_LWP,frac_re,frac_cov,R_Nc,R_LWP,R_tau,R_re,n_any_pix,n_both_pix,pair
2017-07-15 09:04:00,0.5338322520256042,-0.0019118647323921323,0.5321709513664246,0.17739032208919525,0.3547806441783905,0.0,0.0,0.5930665731430054,-0.0014246897771954536,-0.050539664924144745,0.3333333333333333,0.6666666666666666,0.0,0.0,1.0076976758884915,0.9990459329514184,0.9957075828325358,1.0034824416710977,278279,277909,ARG_mid_3aer-ARG_mid
2017-07-15 09:06:00,0.7423385381698608,-0.0014337757602334023,0.7446146011352539,0.24820487201213837,0.49640974402427673,0.0,0.0,0.7915811538696289,-0.004084866493940353,-0.05071588605642319,0.3333333333333333,0.6666666666666666,0.0,0.0,1.0616695467824002,0.9987543678851439,1.0059282726376162,0.993121058912603,278392,278015,ARG_mid_3aer-ARG_mid
2017-07-15 09:08:00,0.6669911742210388,-0.004101659171283245,0.668980062007904,1.4764888286590576,-0.04401607811450958,-0.7598724961280823,-0.0036202589981257915,0.7280039191246033,-0.004679230507463217,-0.05635060742497444,2.207074673886266,-0.06579581143340413,-1.1358672520574742,-0.005411610395387623,1.1016619710345288,0.9985578759729068,1.0147300963605792,0.983984672030434,278845,278444,ARG_mid_3aer-ARG_mid
2017-07-15 09:10:00,0.26279976963996887,-0.00016652597696520388,0.26424679160118103,0.4822458028793335,-0.009773372672498226,-0.20870958268642426,0.00048389920266345143,0.32716888189315796,-0.00362385087646544,-0.05645578354597092,1.8249828664531276,-0.03698579014372669,-0.78982831608156,0.0018312397721591545,1.136821069710084,0.9987014060698192,1.02369874565719,0.9756231971121522,279088,278665,ARG_mid_3aer-ARG_mid
2017-07-15 09:12:00,-0.4602048397064209,0.0017031444003805518,-0.4604528248310089,-0.7744317054748535,0.009859227575361729,0.30141910910606384,0.0027007353492081165,-0.4174136221408844,-0.0016527824336662889,-0.04205005243420601,1.6818920622442466,-0.021412026989560046,-0.6546146450917562,-0.005865390162930417,1.1706067295200717,0.9989978016535879,1.0317116737685237,0.968114362060506,279565,279135,ARG_mid_3aer-ARG_mid
2017-07-15 09:14:00,-1.3185536861419678,0.002394277136772871,-1.32010817527771,-2.0479605197906494,0.007432384882122278,0.7094459533691406,0.010973501019179821,-1.303803563117981,0.0011094892397522926,-0.017764605581760406,1.5513576988971736,-0.005630132493252742,-0.5374149897436903,-0.008312576660230553,1.2000107010039303,0.9996692010717302,1.0399540594653778,0.9609498561270751,280229,279786,ARG_mid_3aer-ARG_mid
2017-07-15 09:16:00,-2.1774613857269287,0.0003414208476897329,-2.1849567890167236,-3.2344934940338135,-0.025570586323738098,1.0640915632247925,0.011015482246875763,-2.191359519958496,0.003962931223213673,0.007689068093895912,1.4803465457279128,0.011703016240077208,-0.48700805099458055,-0.0050415109734094354,1.2297119889247476,1.0008176932630946,1.047662159087152,0.9550624517445926,280582,280166,ARG_mid_3aer-ARG_mid
2017-07-15 09:18:00,-2.982320785522461,0.006238078232854605,-2.988581657409668,-4.161932468414307,-0.08679365366697311,1.2429475784301758,0.017197169363498688,-3.021327018737793,0.007254358381032944,0.03156400844454765,1.392611373448724,0.029041754771852252,-0.41589883605179245,-0.005754292168783759,1.2531692739225317,1.0023559111935993,1.0555029740345516,0.9493525077924826,281029,280604,ARG_mid_3aer-ARG_mid
2017-07-15 09:20:00,-3.769705295562744,0.007225127425044775,-3.773881196975708,-5.037927627563477,-0.16274239122867584,1.4038866758346558,0.02290264517068863,-3.837698221206665,0.010961541905999184,0.056264910846948624,1.3349461730041514,0.0431233540304305,-0.3720008018866212,-0.006068725147960696,1.2743587925697746,1.0039235508732363,1.0624074987738727,0.9446043938096128,281525,281055,ARG_mid_3aer-ARG_mid
2017-07-15 09:22:00,-4.549376487731934,0.0043129087425768375,-4.555859565734863,-5.944005012512207,-0.28509989380836487,1.6470152139663696,0.026230253279209137,-4.649755954742432,0.014182452112436295,0.07887379080057144,1.3046945492964899,0.06257872118512989,-0.36151579372843273,-0.005757476753186996,1.3050445387520304,1.00640536284981,1.0703870441021555,0.9398575138996003,281871,281361,ARG_mid_3aer-ARG_mid
2017-07-15 09:24:00,-5.291038990020752,0.0018726664129644632,-5.296232223510742,-6.674915790557861,-0.4159264862537384,1.769256353378296,0.025352979078888893,-5.426862716674805,0.01757574826478958,0.10407906770706177,1.2603139397059178,0.07853252137147256,-0.33405947612300696,-0.004786984954383344,1.3255546773770708,1.0088193720391696,1.0773883222444647,0.9360222745586892,282418,281866,ARG_mid_3aer-ARG_mid
2017-07-15 09:26:00,-5.969954967498779,0.002848193980753422,-5.970903396606445,-7.320494174957275,-0.5306879281997681,1.8589447736740112,0.0213336069136858,-6.137747287750244,0.020360881462693214,0.12267189472913742,1.226027862693724,0.0888790002030593,-0.3113339349677529,-0.003572927929030356,1.3453792590421454,1.010811559918272,1.0840027824284095,0.9322118987136899,282836,282273,ARG_mid_3aer-ARG_mid
2017-07-15 09:28:00,-6.657878875732422,0.005350684281438589,-6.659562110900879,-8.086236953735352,-0.679323136806488,2.091674566268921,0.014323621056973934,-6.851777076721191,0.023914873600006104,0.14498655498027802,1.2142295884230063,0.10200715519537369,-0.314085908293814,-0.002150835324566003,1.3729808874955391,1.0134039238508081,1.090917728227707,0.9287723927072828,282782,282213,ARG_mid_3aer-ARG_mid
2017-07-15 09:30:00,-7.367254734039307,-0.0072409892454743385,-7.358218193054199,-8.699033737182617,-0.8252663016319275,2.1731715202331543,-0.00708939740434289,-7.595810413360596,0.02754172682762146,0.17278078198432922,1.1822201544386095,0.11215574672609288,-0.2953393677488781,0.0009634665841757317,1.3918998903788782,1.0158087645369176,1.0977186641711254,0.9254648297302341,282853,282278,ARG_mid_3aer-ARG_mid
2017-07-15 09:32:00,-6.70350456237793,-0.003016888862475753,-6.704432010650635,-7.851993560791016,-0.8367915749549866,1.9811441898345947,0.003208512207493186,-6.917747974395752,0.02052433416247368,0.11520452052354813,1.1711645322987485,0.12481170632481774,-0.2954976728507843,-0.0004785657727819359,1.4204434843288145,1.0188774638161848,1.1050513249470704,0.9219741515700903,283158,282569,ARG_mid_3aer-ARG_mid
2017-07-15 09:34:00,-7.449229717254639,-0.011092674918472767,-7.439448356628418,-8.486822128295898,-1.0268927812576294,2.078681468963623,-0.004413539078086615,-7.701039791107178,0.02474568784236908,0.14397093653678894,1.1407866622132194,0.1380334334987981,-0.2794133573366902,0.0005932616246726585,1.4428059795199129,1.0224261712490226,1.1130634605923337,0.9186278972532518,283679,282965,ARG_mid_3aer-ARG_mid
2017-07-15 09:36:00,-8.169222831726074,-0.011286308988928795,-8.157546997070312,-9.143746376037598,-1.2258713245391846,2.2196710109710693,-0.007598761469125748,-8.459938049316406,0.028974231332540512,0.1667909473180771,1.1208942215845437,0.15027452497491453,-0.2721002473914767,0.0009315008320184837,1.4659239808886897,1.0259708037811852,1.1204655057361506,0.9157618050816949,284061,283264,ARG_mid_3aer-ARG_mid
2017-07-15 09:38:00,-8.867477416992188,-0.017186548560857773,-8.85583782196045,-9.789119720458984,-1.4223787784576416,2.349926710128784,0.005734994541853666,-9.201346397399902,0.03206246718764305,0.18510638177394867,1.1053861867121708,0.1606148358418762,-0.2653534277777857,-0.0006475947762613066,1.4881999050606642,1.0293048403197742,1.1273704616239775,0.9129429628414151,284176,283242,ARG_mid_3aer-ARG_mid
2017-07-15 09:40:00,-9.582480430603027,-0.0199638232588768,-9.569482803344727,-10.390612602233887,-1.6485921144485474,2.4816477298736572,-0.011924773454666138,-9.96329116821289,0.03546246141195297,0.2084391862154007,1.085807233174727,0.17227598159047475,-0.2593293398921132,0.0012461251269114126,1.5118026539966056,1.0333310889363931,1.1352811537668308,0.9103423210471888,284378,283388,ARG_mid_3aer-ARG_mid
2017-07-15 09:42:00,-10.36483097076416,-0.03151709586381912,-10.345209121704102,-10.960861206054688,-1.8742444515228271,2.5122313499450684,-0.02233470045030117,-10.792388916015625,0.04041862115263939,0.23640212416648865,1.0595107977169511,0.18117027564996804,-0.24284001457322368,0.0021589412063045266,1.5271718612592564,1.0368642238920753,1.14249178958884,0.9078073683964498,284651,283712,ARG_mid_3aer-ARG_mid
2017-07-15 09:44:00,-11.121685028076172,-0.044476378709077835,-11.095871925354004,-11.630630493164062,-2.130147933959961,2.704535484313965,-0.0396285243332386,-11.59479808807373,0.04526567459106445,0.2653886079788208,1.0481943993257499,0.19197664623390603,-0.2437425112391492,0.003571465679493291,1.555753473500102,1.0413026230835492,1.150902527478012,0.9052247417467317,284978,283930,ARG_mid_3aer-ARG_mid
2017-07-15 09:46:00,-11.879061698913574,-0.04993809387087822,-11.850536346435547,-12.27233600616455,-2.3875999450683594,2.862590789794922,-0.05319095030426979,-12.403298377990723,0.04998653382062912,0.29093724489212036,1.0355933100696877,0.20147610994093765,-0.2415579048105207,0.004488484799895359,1.5780250165160237,1.0453739292878061,1.158159139151091,0.9032118964304927,285256,284107,ARG_mid_3aer-ARG_mid
2017-07-15 09:48:00,-12.642491340637207,-0.04915904626250267,-12.612975120544434,-12.836604118347168,-2.6601459980010986,2.9342141151428223,-0.050438910722732544,-13.219616889953613,0.05557974427938461,0.3130761981010437,1.0177300873939619,0.21090553080798016,-0.23263458816422442,0.003998969962282384,1.5976731633879855,1.0497467418557827,1.165863336022795,0.9009556485637807,285170,283909,ARG_mid_3aer-ARG_mid
2017-07-15 09:50:00,-13.409539222717285,-0.05060568451881409,-13.377975463867188,-13.290430068969727,-2.9711174964904785,2.9377989768981934,-0.05422871187329292,-14.0535306930542,0.06077425554394722,0.33799639344215393,0.993455825356773,0.22209018994888785,-0.21959959618300334,0.0040535808773424775,1.612290626789834,1.054841738815146,1.1738247770947043,0.8992204522225129,285230,283881,ARG_mid_3aer-ARG_mid
2017-07-15 09:52:00,-14.225104331970215,-0.059914730489254,-14.182241439819336,-13.834369659423828,-3.283064603805542,2.9891929626464844,-0.05400054156780243,-14.940788269042969,0.06654798239469528,0.36886292695999146,0.9754712726681118,0.23149124672296204,-0.21077013603364592,0.003807616642572037,1.6305097148721976,1.0597257002828944,1.1818275885144032,0.8972544094102296,285199,283896,ARG_mid_3aer-ARG_mid
2017-07-15 09:54:00,-15.076634407043457,-0.07131873816251755,-15.021355628967285,-14.370850563049316,-3.606834650039673,3.0307655334472656,-0.07444184273481369,-15.866434097290039,0.07277555018663406,0.4034793972969055,0.9566942955073536,0.24011373896522362,-0.20176376699344867,0.00495573252087142,1.6482663858056694,1.0647191469471093,1.1901922552927229,0.8953496792788259,285282,283885,ARG_mid_3aer-ARG_mid
2017-07-15 09:56:00,-15.915578842163086,-0.08405256271362305,-15.852408409118652,-14.924468994140625,-3.9740395545959473,3.1143829822540283,-0.0682813823223114,-16.7796688079834,0.07879342883825302,0.4317420423030853,0.9414638920420048,0.2506899792120024,-0.19646119102246498,0.004307319768457801,1.6648453669202956,1.0702207462686435,1.197786243733113,0.8941937897201618,285439,283915,ARG_mid_3aer-ARG_mid
2017-07-15 09:58:00,-16.75420379638672,-0.08453509211540222,-16.688413619995117,-15.520282745361328,-4.368129730224609,3.282655715942383,-0.08265553414821625,-17.696605682373047,0.0848231092095375,0.45816659927368164,0.9300035735738019,0.2617462230366253,-0.19670266535382183,0.004952868743394595,1.6903219826238216,1.0766650042134227,1.2070052595582625,0.8928451199570238,285569,283994,ARG_mid_3aer-ARG_mid
2017-07-15 10:00:00,-17.624788284301758,-0.10485009849071503,-17.54275131225586,-16.044492721557617,-4.746174335479736,3.340963363647461,-0.09304800629615784,-18.649362564086914,0.09220141917467117,0.48460832238197327,0.9145938541884442,0.27054902487904187,-0.19044695097378514,0.005304071906299085,1.7085549054800462,1.0824488091834665,1.2155814377194862,0.8914007765535495,285669,283971,ARG_mid_3aer-ARG_mid
2017-07-15 10:02:00,-18.264904022216797,-0.109995037317276,-18.189912796020508,-16.370376586914062,-5.100098133087158,3.365943193435669,-0.0853750929236412,-19.373228073120117,0.09818755090236664,0.5065857768058777,0.8999703225948937,0.2803806479511855,-0.18504451106591904,0.004693540519839806,1.7250959323867856,1.0886515930132397,1.2238029727593158,0.8904080671774359,285803,284001,ARG_mid_3aer-ARG_mid
2017-07-15 10:04:00,-19.154945373535156,-0.12970714271068573,-19.055551528930664,-16.8048152923584,-5.523589134216309,3.375373125076294,-0.10252146422863007,-20.36655044555664,0.10477911680936813,0.5371498465538025,0.881885403461145,0.28986773966050633,-0.17713327717948313,0.005380134057831831,1.740476706957454,1.0953495410843688,1.233012004889777,0.8893543669852986,286023,284094,ARG_mid_3aer-ARG_mid
2017-07-15 10:06:00,-20.085124969482422,-0.1288193166255951,-19.9874324798584,-17.24498748779297,-6.0077338218688965,3.3534862995147705,-0.0881970077753067,-21.40863037109375,0.11254832148551941,0.5751211047172546,0.8627915657299159,0.30057554731892433,-0.1677797363939046,0.00441262334506437,1.7530616202908562,1.1027231633644552,1.2421936151653301,0.8885724143947945,286115,284041,ARG_mid_3aer-ARG_mid
2017-07-15 10:08:00,-21.053028106689453,-0.12471688538789749,-20.951030731201172,-17.77542495727539,-6.507452487945557,3.4301905632019043,-0.09834316372871399,-22.495555877685547,0.12097693979740143,0.6195014119148254,0.8484272600057908,0.31060298471134584,-0.163724197943745,0.004693953226608316,1.7699380529734512,1.110165720006465,1.251465004244735,0.8880274329850213,286114,284031,ARG_mid_3aer-ARG_mid
2017-07-15 10:10:00,-22.013771057128906,-0.13478073477745056,-21.91356658935547,-18.344331741333008,-6.997922897338867,3.524980068206787,-0.09629348665475845,-23.57747459411621,0.13024844229221344,0.6653791666030884,0.8371221226241234,0.31934198045614964,-0.16085834346345096,0.004394240383177872,1.7903571120847448,1.1174940081886613,1.2610083066842577,0.8870943938298325,286180,284050,ARG_mid_3aer-ARG_mid
2017-07-15 10:12:00,-23.068735122680664,-0.15385735034942627,-22.94307518005371,-18.94368553161621,-7.476117134094238,3.6183969974517822,-0.14166881144046783,-24.74898910522461,0.13891974091529846,0.703799307346344,0.8256821143742146,0.3258550514533854,-0.15771196318577863,0.006174797358178663,1.8122323557973483,1.1244806645114487,1.2712842076420985,0.8858353706832087,286411,284033,ARG_mid_3aer-ARG_mid
2017-07-15 10:14:00,-24.080890655517578,-0.17878179252147675,-23.94031524658203,-19.409896850585938,-7.976494312286377,3.5958595275878906,-0.14978505671024323,-25.887907028198242,0.1476675122976303,0.738765299320221,0.8107618846240646,0.3331825177976203,-0.1502010056272167,0.006256603205531758,1.8238659687827485,1.131429524916497,1.280275881988345,0.8851060292411618,286359,283851,ARG_mid_3aer-ARG_mid
2017-07-15 10:16:00,-25.097476959228516,-0.1843370795249939,-24.952054977416992,-19.778133392333984,-8.52794075012207,3.4967989921569824,-0.14277753233909607,-27.045351028442383,0.15647782385349274,0.7756718993186951,0.7926455174275905,0.3417731378788134,-0.14014073098877905,0.0057220756823751495,1.8307515268538528,1.1392533486522831,1.28956798901736,0.8847244714891507,286083,283493,ARG_mid_3aer-ARG_mid
2017-07-15 10:18:00,-26.11507225036621,-0.19469371438026428,-25.965740203857422,-20.366302490234375,-9.032304763793945,3.5641098022460938,-0.13124187290668488,-28.214189529418945,0.16551704704761505,0.8105730414390564,0.7843529106822099,0.3478546814851785,-0.1372620158725689,0.005054423705180472,1.849912079744888,1.1461455174608175,1.2987738633710215,0.883649562118191,286007,283212,ARG_mid_3aer-ARG_mid
2017-07-15 10:20:00,-27.241846084594727,-0.18038269877433777,-27.10296630859375,-21.05838966369629,-9.641221046447754,3.6997640132904053,-0.10311828553676605,-29.492984771728516,0.17561748623847961,0.849570095539093,0.7769773068518543,0.3557257062783738,-0.13650769969778812,0.0038046865675600283,1.8749789605800014,1.1547643149349414,1.3095406762540107,0.8827138948793887,285918,282968,ARG_mid_3aer-ARG_mid
2017-07-15 10:22:00,-28.26695442199707,-0.19696755707263947,-28.116926193237305,-21.530128479003906,-10.146793365478516,3.7025275230407715,-0.14253227412700653,-30.674392700195312,0.18512502312660217,0.8935765027999878,0.7657355131701973,0.3608784383608036,-0.13168322202435306,0.005069270493352207,1.8898906216059204,1.1618231003412953,1.3192770584214502,0.8818891768657746,285863,282769,ARG_mid_3aer-ARG_mid
2017-07-15 10:24:00,-29.18192481994629,-0.21155981719493866,-29.017297744750977,-21.770288467407227,-10.676277160644531,3.5775516033172607,-0.14828312397003174,-31.730188369750977,0.19390824437141418,0.9392048120498657,0.7502520588392798,0.36792809839167456,-0.1232903207515669,0.005110163520612526,1.8942438859284245,1.1695750933034066,1.3281998157750963,0.8818497410880218,285995,282729,ARG_mid_3aer-ARG_mid
2017-07-15 10:26:00,-30.012598037719727,-0.23465336859226227,-29.82625961303711,-22.094594955444336,-11.125049591064453,3.5868418216705322,-0.19345451891422272,-32.70329284667969,0.20210781693458557,0.9815332889556885,0.7407766851012502,0.3729951094848976,-0.12025784118445336,0.006486046598305581,1.9026876755910347,1.1757998987538276,1.3357010804309477,0.8819409283225735,286013,282545,ARG_mid_3aer-ARG_mid
2017-07-15 10:28:00,-30.877918243408203,-0.24674741923809052,-30.679763793945312,-22.559450149536133,-11.60136604309082,3.6245663166046143,-0.14350774884223938,-33.70088195800781,0.20968875288963318,1.011654257774353,0.7353203412419889,0.3781439972448181,-0.11814194190284995,0.004677603416042966,1.9171013934941823,1.1821597711699627,1.3431603655463737,0.8813484388998684,285833,282278,ARG_mid_3aer-ARG_mid
2017-07-15 10:30:00,-31.87870216369629,-0.2337939292192459,-31.680713653564453,-23.021045684814453,-12.146867752075195,3.6355679035186768,-0.1483655869960785,-34.84838104248047,0.21911552548408508,1.0442547798156738,0.7266580589411062,0.38341527978875306,-0.11475649155002132,0.004683152820162018,1.9313270492691335,1.1896378210430936,1.3524713611922932,0.8808476054444128,285906,282072,ARG_mid_3aer-ARG_mid
2017-07-15 10:32:00,-32.901554107666016,-0.250418096780777,-32.69593811035156,-23.615388870239258,-12.640853881835938,3.6853718757629395,-0.12507374584674835,-36.0164680480957,0.22961992025375366,1.0794386863708496,0.7222726980328585,0.38661842088334814,-0.11271647882975028,0.0038253599135436023,1.9527566177118987,1.19615957467612,1.361870807583722,0.8793592340527823,285920,281914,ARG_mid_3aer-ARG_mid
2017-07-15 10:34:00,-34.02970886230469,-0.2529217004776001,-33.824005126953125,-24.144962310791016,-13.285439491271973,3.723906993865967,-0.11751169711351395,-37.30280685424805,0.24014869332313538,1.1122660636901855,0.7138410175080869,0.3927813440068471,-0.11009657138541706,0.003474209870483025,1.9661612315698695,1.2044255859433144,1.3712215179386829,0.879323527811909,285757,281564,ARG_mid_3aer-ARG_mid
2017-07-15 10:36:00,-35.074092864990234,-0.2519833445549011,-34.86221694946289,-24.533035278320312,-13.762614250183105,3.5750887393951416,-0.14166474342346191,-38.50967788696289,0.24993140995502472,1.1391091346740723,0.7037139816182024,0.39477156201053937,-0.10254910320041574,0.0040635595716739525,1.9701969013939784,1.2095043773877807,1.3788039689914966,0.8783584757943822,285640,281321,ARG_mid_3aer-ARG_mid
2017-07-15 10:38:00,-36.058109283447266,-0.2788631021976471,-35.82349395751953,-25.122785568237305,-14.262497901916504,3.6808481216430664,-0.11905892938375473,-39.652462005615234,0.25998473167419434,1.1694047451019287,0.7012935349473794,0.3981325371810949,-0.10274955917185061,0.003323487043376233,1.99106739362336,1.2158984303785405,1.387264231742352,0.8774261491909878,285554,281010,ARG_mid_3aer-ARG_mid
2017-07-15 10:40:00,-37.0230827331543,-0.3008107841014862,-36.76242446899414,-25.576435089111328,-14.809847831726074,3.736480474472046,-0.11263260245323181,-40.783287048339844,0.26931384205818176,1.2113429307937622,0.6957219775261612,0.4028527690107084,-0.10163854295858023,0.0030637964217106878,2.0032648278966994,1.2228120423245343,1.3949815403087271,0.8774738338026392,285642,280824,ARG_mid_3aer-ARG_mid
2017-07-15 10:42:00,-37.98611068725586,-0.32002872228622437,-37.70180892944336,-25.837749481201172,-15.317864418029785,3.6040868759155273,-0.15028108656406403,-41.91877746582031,0.2777160108089447,1.247686505317688,0.6853185300508005,0.40628995566282805,-0.09559453056887185,0.0039860448552433425,2.0042487186665765,1.2288694773339335,1.4023835154499953,0.8774540379020734,285587,280598,ARG_mid_3aer-ARG_mid
2017-07-15 10:44:00,-38.915245056152344,-0.3095991313457489,-38.63373565673828,-26.373920440673828,-15.839500427246094,3.741717576980591,-0.16202329099178314,-43.02363204956055,0.2879488170146942,1.2894901037216187,0.6826657696407467,0.40999147090583155,-0.09685107104599766,0.00419383049941946,2.020364509776877,1.2351412133176762,1.4097295613894245,0.8774174284304468,285602,280465,ARG_mid_3aer-ARG_mid
2017-07-15 10:46:00,-39.754966735839844,-0.3175196051597595,-39.4739875793457,-26.566015243530273,-16.336872100830078,3.572631597518921,-0.14373430609703064,-44.010711669921875,0.29668188095092773,1.3131293058395386,0.673000513078538,0.413864208409295,-0.09050596129238724,0.0036412398045542055,2.019686400652161,1.2412742798542173,1.4164635488595563,0.8774309083832234,285667,280317,ARG_mid_3aer-ARG_mid
2017-07-15 10:48:00,-40.465126037597656,-0.31063342094421387,-40.177120208740234,-26.794694900512695,-16.765310287475586,3.529026746749878,-0.14614322781562805,-44.86433792114258,0.3061831295490265,1.348475694656372,0.6669141992090598,0.41728506013696043,-0.08783673338858036,0.0036374740425601237,2.0209013068723807,1.2462037777673252,1.4213984880932877,0.8778669808192987,285884,280467,ARG_mid_3aer-ARG_mid
2017-07-15 10:50:00,-41.31797409057617,-0.3045046627521515,-41.042640686035156,-27.087997436523438,-17.257143020629883,3.444488286972046,-0.14198938012123108,-45.86389923095703,0.3158959150314331,1.3769867420196533,0.6599964645729727,0.42046860427491956,-0.0839246270847312,0.0034595582368389666,2.0234156836876425,1.2516989874585505,1.4275432289795384,0.8779007964692234,285793,280357,ARG_mid_3aer-ARG_mid
2017-07-15 10:52:00,-42.317325592041016,-0.3160841464996338,-42.01968765258789,-27.492507934570312,-17.796489715576172,3.4578676223754883,-0.18855954706668854,-47.03483963012695,0.3292486369609833,1.418847680091858,0.6542767394041531,0.4235274704016191,-0.08229161918614095,0.004487409380368762,2.033369251668194,1.2582227104056314,1.4355768466921541,0.8778811348322552,285881,280497,ARG_mid_3aer-ARG_mid
2017-07-15 10:54:00,-43.276092529296875,-0.33763349056243896,-42.962032318115234,-27.971038818359375,-18.300121307373047,3.519412040710449,-0.21028448641300201,-48.168331146240234,0.34073659777641296,1.4539965391159058,0.6510641568155107,0.42596029599047947,-0.08191911131315831,0.004894658507168179,2.0462788903667453,1.2639350091500832,1.442807828476762,0.8775977971514584,286251,280719,ARG_mid_3aer-ARG_mid
2017-07-15 10:56:00,-44.08812713623047,-0.35500991344451904,-43.75629425048828,-28.401060104370117,-18.768508911132812,3.5610320568084717,-0.14775027334690094,-49.13669967651367,0.3482968509197235,1.4875829219818115,0.6490738224862455,0.4289328465653572,-0.08138333338578789,0.0033766643341852504,2.052605113867121,1.2682115035449049,1.4467222130939252,0.8777040560470032,286444,280910,ARG_mid_3aer-ARG_mid
2017-07-15 10:58:00,-44.84176254272461,-0.3223865032196045,-44.54502868652344,-28.703041076660156,-19.20073890686035,3.4898691177368164,-0.13111944496631622,-50.0355339050293,0.3544742465019226,1.4900325536727905,0.6443600124139635,0.4310412065134348,-0.07834474526690956,0.002943526339511296,2.053668687967069,1.2721337334369205,1.4510247742410145,0.8776752177455653,286810,281248,ARG_mid_3aer-ARG_mid
2017-07-15 11:00:00,-45.64390182495117,-0.3330018222332001,-45.33845138549805,-29.187105178833008,-19.599679946899414,3.5977776050567627,-0.14944355189800262,-50.99212646484375,0.36142876744270325,1.5112797021865845,0.6437605234412358,0.4322970927257297,-0.07935379282560778,0.0032961766586422914,2.066802922796131,1.2760408456532695,1.4563272773470062,0.8772910982599337,287340,281796,ARG_mid_3aer-ARG_mid
2017-07-15 11:02:00,-46.33154296875,-0.3305630087852478,-46.02547836303711,-29.625490188598633,-19.83924674987793,3.601980447769165,-0.16272470355033875,-51.81396484375,0.3679784834384918,1.5182130336761475,0.6436758254769833,0.43104920293166415,-0.07826056321710259,0.0035355348084551153,2.075464970408942,1.276971031129766,1.4595570495128352,0.8760735723528045,287894,282268,ARG_mid_3aer-ARG_mid
2017-07-15 11:04:00,-47.1696662902832,-0.35224905610084534,-46.84322738647461,-30.178895950317383,-20.226228713989258,3.7072107791900635,-0.1453147977590561,-52.798316955566406,0.3743807375431061,1.540547490119934,0.6442530987256673,0.43178556163720777,-0.07914081279543492,0.0031021524325598737,2.092162127314055,1.2806583113769283,1.465124141944298,0.8751316998007928,288151,282510,ARG_mid_3aer-ARG_mid
2017-07-15 11:06:00,-48.07925796508789,-0.3835345506668091,-47.7244758605957,-30.54692840576172,-20.646953582763672,3.6306986808776855,-0.16129536926746368,-53.86587142944336,0.38009724020957947,1.5699131488800049,0.6400683318479142,0.43262818482511106,-0.0760762371468311,0.003379720473805803,2.0998658109218264,1.2849497427428334,1.4716013596224458,0.874305167538396,288343,282765,ARG_mid_3aer-ARG_mid
2017-07-15 11:08:00,-48.99285888671875,-0.39953768253326416,-48.61880874633789,-31.081462860107422,-21.087133407592773,3.6693437099456787,-0.1195622980594635,-54.94189453125,0.3863210678100586,1.5968132019042969,0.639288783627899,0.4337237215615325,-0.07547168293837483,0.0024591777489433586,2.1089805398138157,1.2880510437398003,1.475623546209402,0.8737215313919973,288623,282944,ARG_mid_3aer-ARG_mid
2017-07-15 11:10:00,-49.91412353515625,-0.39223799109458923,-49.53739547729492,-31.52152442932129,-21.59527587890625,3.766265630722046,-0.18685369193553925,-56.0241584777832,0.39219391345977783,1.6339354515075684,0.6363178467470608,0.4359389105205459,-0.07602873020073338,0.0037719729331266577,2.1222399320828673,1.294025461336566,1.483168113369173,0.8737720874386622,288738,282951,ARG_mid_3aer-ARG_mid
2017-07-15 11:12:00,-50.569766998291016,-0.3847513496875763,-50.19658660888672,-31.89130973815918,-21.911148071289062,3.7376625537872314,-0.13180285692214966,-56.79387664794922,0.3949074149131775,1.6395105123519897,0.6353281750276183,0.4365065752762225,-0.07446048381741327,0.0026257335135724813,2.126405205560617,1.2958529558716188,1.4856066103689125,0.8731789834983104,288776,282791,ARG_mid_3aer-ARG_mid
2017-07-15 11:14:00,-51.05790328979492,-0.40602612495422363,-50.66837692260742,-32.22654342651367,-22.090299606323242,3.752389907836914,-0.1039208322763443,-57.36997604370117,0.39589154720306396,1.6359187364578247,0.6360287576001977,0.43597807646056513,-0.07405783408113448,0.0020510000203716183,2.13073689251487,1.29598067661229,1.4865436219145276,0.87251721534245,288858,282771,ARG_mid_3aer-ARG_mid
2017-07-15 11:16:00,-51.71459197998047,-0.3716931939125061,-51.359310150146484,-32.436988830566406,-22.48087501525879,3.6462671756744385,-0.08771661669015884,-58.14678192138672,0.39823901653289795,1.63031804561615,0.6315697867016727,0.4377175673942133,-0.07099525525641924,0.0017079011605331956,2.126778878601718,1.298871213809945,1.4892481743752246,0.8727591811651626,289013,282902,ARG_mid_3aer-ARG_mid
2017-07-15 11:18:00,-52.43613052368164,-0.34368613362312317,-52.10795211791992,-32.929744720458984,-22.79875946044922,3.7227892875671387,-0.10223549604415894,-59.0007209777832,0.4022176265716553,1.6360194683074951,0.6319523749022649,0.43752940719017713,-0.07144377632530179,0.0019619942328597956,2.1392317877105587,1.3011467226678237,1.4934811765900298,0.87190325266916,289210,283211,ARG_mid_3aer-ARG_mid
2017-07-15 11:20:00,-53.07975769042969,-0.3556910753250122,-52.7403450012207,-33.278709411621094,-23.02839469909668,3.6549689769744873,-0.08821013569831848,-59.75947570800781,0.4060021638870239,1.636505365371704,0.6309914932785895,0.43663717216385556,-0.06930120145130124,0.001672536008856182,2.1374676751811443,1.3005974821144206,1.4937425575265624,0.8712817893053588,289386,283287,ARG_mid_3aer-ARG_mid
2017-07-15 11:22:00,-53.64030456542969,-0.39022892713546753,-53.261146545410156,-33.589542388916016,-23.27550506591797,3.652327299118042,-0.04842640459537506,-60.43626022338867,0.40511181950569153,1.6337112188339233,0.63065755497124,0.43700717472355416,-0.06857395551552162,0.0009092258207274717,2.1445576639608097,1.3025620063129413,1.4966773261781643,0.8706216406279425,289432,283165,ARG_mid_3aer-ARG_mid
2017-07-15 11:24:00,-54.32884216308594,-0.4449816942214966,-53.902130126953125,-33.92395782470703,-23.565134048461914,3.6544768810272217,-0.06751453876495361,-61.254127502441406,0.40718239545822144,1.657065749168396,0.6293621509089281,0.4371836851104557,-0.06779837540222194,0.001252539382838147,2.15119913528464,1.3048108883751697,1.500375225451921,0.8700984301100372,289342,283157,ARG_mid_3aer-ARG_mid
2017-07-15 11:26:00,-54.9168701171875,-0.4974236786365509,-54.43768310546875,-34.261695861816406,-23.846914291381836,3.7482974529266357,-0.07736828178167343,-61.95515060424805,0.4095361530780792,1.6895581483840942,0.6293745984281146,0.43805899597715964,-0.06885482106601977,0.0014212266607455254,2.1606270869221844,1.3074875752639634,1.5038421969567364,0.8699356896988578,289419,283181,ARG_mid_3aer-ARG_mid
2017-07-15 11:28:00,-55.370201110839844,-0.5409817695617676,-54.842437744140625,-34.493526458740234,-23.98470687866211,3.7458267211914062,-0.11002960056066513,-62.509193420410156,0.4114004075527191,1.712659239768982,0.6289568238403489,0.4373384966761078,-0.06830160612216596,0.002006285605709257,2.16245787439097,1.3075284903786746,1.50492521010901,0.8695456541130618,289494,283187,ARG_mid_3aer-ARG_mid
2017-07-15 11:30:00,-55.96901321411133,-0.5275206565856934,-55.44826126098633,-34.43644332885742,-24.37265968322754,3.4711246490478516,-0.11028441786766052,-63.23125076293945,0.41637375950813293,1.7367148399353027,0.62105539108331,0.43955678172014656,-0.06260113341120907,0.001988960607752527,2.1526132414672796,1.3116852662665448,1.509071353086675,0.8699119805999467,289545,283131,ARG_mid_3aer-ARG_mid
2017-07-15 11:32:00,-56.48653030395508,-0.5405212640762329,-55.976802825927734,-34.666927337646484,-24.72502899169922,3.465219020843506,-0.050058573484420776,-63.86540985107422,0.4198722243309021,1.736330509185791,0.6193088979698809,0.4417013970182019,-0.06190456858140685,0.0008942735933241061,2.152217326343614,1.31434675531802,1.510673991451904,0.870361020634667,289728,282967,ARG_mid_3aer-ARG_mid
2017-07-15 11:34:00,-56.893096923828125,-0.5369671583175659,-56.371578216552734,-34.82046890258789,-24.87973976135254,3.3964972496032715,-0.06786838918924332,-64.37286376953125,0.42284736037254333,1.7282402515411377,0.6176954466205534,0.44135255017141967,-0.060251943679661926,0.0012039468876888365,2.1519344827918148,1.314939108845383,1.5121955415906942,0.8699893324616039,289940,283028,ARG_mid_3aer-ARG_mid
2017-07-15 11:36:00,-57.271080017089844,-0.5186730623245239,-56.76063919067383,-34.90157699584961,-25.07411766052246,3.2820911407470703,-0.0670357495546341,-64.83842468261719,0.4261322021484375,1.733795166015625,0.614890459693501,0.44175188641453567,-0.057823371421190976,0.001181025313154331,2.156077201409911,1.3178202449313292,1.5166315295622481,0.8693401117979088,290069,283214,ARG_mid_3aer-ARG_mid
2017-07-15 11:38:00,-57.68019485473633,-0.49526095390319824,-57.1907958984375,-35.10320281982422,-25.361684799194336,3.3827388286590576,-0.10865671187639236,-65.33826446533203,0.43057364225387573,1.7544312477111816,0.6137909722100654,0.4434574380597157,-0.059148308608835215,0.0018998983390541013,2.1622878718221195,1.3212521963527073,1.5201362010099202,0.869858835158963,290172,283298,ARG_mid_3aer-ARG_mid
2017-07-15 11:40:00,-58.25670623779297,-0.5091179013252258,-57.76873779296875,-35.36399841308594,-25.643756866455078,3.3093748092651367,-0.07035229355096817,-66.02854919433594,0.43494462966918945,1.7642022371292114,0.6121650713316854,0.4439037097094092,-0.0572866075752342,0.0012178265341396127,2.1589790305690655,1.3218677138081851,1.5205595313771896,0.8697735888758213,290230,283338,ARG_mid_3aer-ARG_mid
2017-07-15 11:42:00,-58.83942794799805,-0.541700005531311,-58.322906494140625,-35.84413146972656,-25.8726863861084,3.4602456092834473,-0.06633957475423813,-66.73111724853516,0.4397684633731842,1.7739416360855103,0.6145806102151966,0.4436110433187309,-0.059329106524510414,0.0011374529905828906,2.1778417842516835,1.3243279951726887,1.5252362717864383,0.8686943010727454,290238,283058,ARG_mid_3aer-ARG_mid
2017-07-15 11:44:00,-59.59164047241211,-0.5559197068214417,-59.0599250793457,-36.36959457397461,-26.19890022277832,3.5478086471557617,-0.0392315536737442,-67.63327026367188,0.44782665371894836,1.806190013885498,0.6158083806617517,0.44359869412420216,-0.06007134170314557,0.0006642669171917082,2.191409762672188,1.3265402490047522,1.5290849343585986,0.867783391794745,290260,283008,ARG_mid_3aer-ARG_mid
2017-07-15 11:46:00,-60.23224639892578,-0.5534982681274414,-59.69126892089844,-36.66812515258789,-26.544946670532227,3.5924906730651855,-0.07068710029125214,-68.42359924316406,0.4522961974143982,1.8226735591888428,0.6142963019819309,0.4447040161270004,-0.060184529671797056,0.001184211562865807,2.1985857640476203,1.32997342656978,1.5334019656951583,0.8677743401558113,290286,283039,ARG_mid_3aer-ARG_mid
2017-07-15 11:48:00,-60.79546356201172,-0.5592456459999084,-60.25384521484375,-36.867950439453125,-26.937618255615234,3.6402151584625244,-0.0884835496544838,-69.12272644042969,0.456826776266098,1.8357902765274048,0.6118772558269503,0.4470688823197912,-0.06041465113224606,0.001468512985504572,2.194834633038429,1.3326706333244576,1.534567502901076,0.8689803451286126,290296,283058,ARG_mid_3aer-ARG_mid
2017-07-15 11:50:00,-61.32016372680664,-0.5718652009963989,-60.7630615234375,-37.228084564208984,-27.361047744750977,3.921637773513794,-0.09556224197149277,-69.78046417236328,0.46356120705604553,1.8440043926239014,0.6126763335141086,0.45029079858773446,-0.0645398350171851,0.001572702915342089,2.210662587652102,1.3384575696348384,1.5397182392968047,0.8698775912401931,290317,283064,ARG_mid_3aer-ARG_mid
2017-07-15 11:52:00,-62.06138229370117,-0.6515682935714722,-61.43391036987305,-37.406410217285156,-27.844131469726562,3.9118852615356445,-0.09525196254253387,-70.69002532958984,0.47541600465774536,1.8909718990325928,0.6088886382787584,0.45323720148240465,-0.06367631844937816,0.0015504786882151178,2.2113358814215784,1.343615375573155,1.5441150823120273,0.8707386933686181,290349,282838,ARG_mid_3aer-ARG_mid
2017-07-15 11:54:00,-62.797874450683594,-0.6995505690574646,-62.11697769165039,-37.99125671386719,-28.342708587646484,4.352834701538086,-0.13585114479064941,-71.58978271484375,0.4852546751499176,1.940585970878601,0.611608129789263,0.45627963909576985,-0.07007479020826964,0.0021870213232367403,2.2332779362529935,1.3494641551349749,1.5494506578262601,0.8717651936748924,290327,282846,ARG_mid_3aer-ARG_mid
2017-07-15 11:56:00,-63.478912353515625,-0.7200196981430054,-62.77339172363281,-38.22898483276367,-28.684673309326172,4.3129353523254395,-0.1726682484149933,-72.40584564208984,0.4916999340057373,1.9513598680496216,0.6089997757880011,0.45695597721737696,-0.06870641328149275,0.002750660276114661,2.227012160215553,1.3503763473190544,1.5499740265453235,0.8722759924947622,290308,282698,ARG_mid_3aer-ARG_mid
2017-07-15 11:58:00,-64.0248794555664,-0.7860279679298401,-63.26005935668945,-38.634490966796875,-28.942686080932617,4.476353168487549,-0.15922735631465912,-73.07843780517578,0.49569931626319885,1.9602940082550049,0.6107249466984783,0.45751915356827905,-0.07076112821030917,0.0025170279435517973,2.232530228467776,1.3509809125223664,1.550148830053798,0.8724790177138037,290158,282346,ARG_mid_3aer-ARG_mid
2017-07-15 12:00:00,-64.4478759765625,-0.814904510974884,-63.65077209472656,-38.583553314208984,-29.21128273010254,4.341407299041748,-0.1973484307527542,-73.63066864013672,0.4996567368507385,2.004207134246826,0.6061756665234221,0.458930495639247,-0.06820664937001022,0.0031004872073411016,2.228528702955217,1.3543809522683212,1.5537233601810387,0.8728919605880999,290148,282201,ARG_mid_3aer-ARG_mid
2017-07-15 12:02:00,-64.9714584350586,-0.8579632639884949,-64.13201141357422,-38.729190826416016,-29.602214813232422,4.369606971740723,-0.17019778490066528,-74.30406951904297,0.5052673816680908,2.05180287361145,0.603898133348299,0.4615825797402077,-0.06813457910488355,0.0026538660163768213,2.2265214735075425,1.3578515836541376,1.55553371860653,0.8739409629726024,290028,281943,ARG_mid_3aer-ARG_mid
2017-07-15 12:04:00,-65.35189819335938,-0.933344841003418,-64.43701171875,-38.85698318481445,-29.816709518432617,4.432775497436523,-0.19609253108501434,-74.80525970458984,0.5096246004104614,2.0743227005004883,0.6030227649610312,0.4627264573217303,-0.06879238892574867,0.0030431666429871357,2.225383236696482,1.3592196972299098,1.556091789805853,0.8746591492047792,290022,281484,ARG_mid_3aer-ARG_mid
2017-07-15 12:06:00,-65.7966079711914,-1.001644492149353,-64.81404876708984,-38.825279235839844,-30.045957565307617,4.282835960388184,-0.22564150393009186,-75.36534881591797,0.515478253364563,2.105363607406616,0.599025716793209,0.4635717349483859,-0.06607881960735429,0.003481367865759366,2.217855498067994,1.3609894234087196,1.5577498421066418,0.8750385566198129,289897,281073,ARG_mid_3aer-ARG_mid
2017-07-15 12:08:00,-66.32490539550781,-1.0219579935073853,-65.31361389160156,-39.163185119628906,-30.436094284057617,4.546527862548828,-0.2608502507209778,-76.0255126953125,0.5241414904594421,2.136249303817749,0.5996176221835618,0.4659992984825073,-0.06961073262962415,0.003993811963554986,2.230684524020293,1.365828698347378,1.562068939186293,0.8759304804627059,289830,280914,ARG_mid_3aer-ARG_mid
2017-07-15 12:10:00,-66.75688171386719,-1.0681986808776855,-65.70330047607422,-39.393470764160156,-30.680633544921875,4.6255645751953125,-0.2547450065612793,-76.58580780029297,0.5279528498649597,2.1458382606506348,0.5995662143697393,0.46695740173909855,-0.07040081964392701,0.0038772035350891215,2.228377148323794,1.3661903682639778,1.56123013467524,0.8765857461383201,289673,280565,ARG_mid_3aer-ARG_mid
2017-07-15 12:12:00,-66.97490692138672,-1.0536550283432007,-65.9336166381836,-39.205345153808594,-30.983478546142578,4.503993034362793,-0.2487831562757492,-76.90202331542969,0.52713942527771,2.157107353210449,0.5946184471558212,0.469919360531037,-0.0683110442750274,0.0037732365881691654,2.2146755941391563,1.3691375688097862,1.561619345747551,0.878217955153928,289453,280351,ARG_mid_3aer-ARG_mid
2017-07-15 12:14:00,-67.04981994628906,-1.0240368843078613,-66.03793334960938,-39.25785446166992,-31.088340759277344,4.497514724731445,-0.18926526606082916,-77.03137969970703,0.524437665939331,2.134730100631714,0.5944741783901261,0.470764835790325,-0.06810502251813859,0.002866008337687506,2.197313283373383,1.3657535592294483,1.5549110165971622,0.8794602807436015,289276,280032,ARG_mid_3aer-ARG_mid
2017-07-15 12:16:00,-66.89319610595703,-1.0015039443969727,-65.89649200439453,-39.11709976196289,-30.925914764404297,4.335430145263672,-0.18891267478466034,-76.88946533203125,0.5179603695869446,2.0659499168395996,0.5936142635143787,0.46931045022821716,-0.0657915229664426,0.002866809223846703,2.1748370817861704,1.359516571563806,1.5469485353749024,0.879937510058652,289100,279532,ARG_mid_3aer-ARG_mid
2017-07-15 12:18:00,-66.7708511352539,-0.9826067090034485,-65.79820251464844,-39.124576568603516,-30.8194637298584,4.309314727783203,-0.16347338259220123,-76.7874526977539,0.5142667889595032,2.0107924938201904,0.5946146722411184,0.46839375128546884,-0.06549288948151594,0.002484465954928683,2.1700452661780285,1.3568214386666126,1.5439032289824448,0.8797742403424125,288874,279008,ARG_mid_3aer-ARG_mid
2017-07-15 12:20:00,-66.76848602294922,-0.9679545164108276,-65.79989624023438,-39.20638656616211,-30.767915725708008,4.365070343017578,-0.19066856801509857,-76.83575439453125,0.5173541903495789,1.9982666969299316,0.5958425357914012,0.4675983231659946,-0.06633856252886355,0.0028977035714677357,2.16906195134447,1.3550264812201203,1.5421309942467376,0.8797750400318999,288611,278615,ARG_mid_3aer-ARG_mid
2017-07-15 12:22:00,-66.79910278320312,-0.9297174215316772,-65.87109375,-39.38694763183594,-30.722768783569336,4.382574558258057,-0.14394468069076538,-76.89631652832031,0.520557701587677,1.9825053215026855,0.5979398445451289,0.46640749145593896,-0.06653258373405714,0.00218524773298924,2.16626070835207,1.3518584741709623,1.5386808503644371,0.8794104963359832,288392,278448,ARG_mid_3aer-ARG_mid
2017-07-15 12:24:00,-66.9249267578125,-0.9796068072319031,-65.95718383789062,-39.85163497924805,-30.4564208984375,4.527973175048828,-0.17710646986961365,-77.0619125366211,0.5212134122848511,1.9690642356872559,0.6042045760408151,0.46176044424333085,-0.06865019349274791,0.0026851732086019403,2.169069967101642,1.3443047299917101,1.5329168568030327,0.877965147912995,288230,278108,ARG_mid_3aer-ARG_mid
2017-07-15 12:26:00,-66.96752166748047,-0.95250403881073,-66.02208709716797,-40.07837677001953,-30.476428985595703,4.696389198303223,-0.16366001963615417,-77.14189910888672,0.5187804698944092,1.9415453672409058,0.6070450792294854,0.4616096662970122,-0.07113361292337447,0.002478867396876888,2.1741739938074995,1.3435158327142454,1.5318315494607673,0.8779926743457009,287995,277587,ARG_mid_3aer-ARG_mid
2017-07-15 12:28:00,-67.00934600830078,-0.9372575879096985,-66.07542419433594,-40.12294387817383,-30.479188919067383,4.691009521484375,-0.16428770124912262,-77.22561645507812,0.515472412109375,1.920002818107605,0.6072295975572313,0.46127880757615053,-0.07099477169579371,0.0024863665624119125,2.1690765607305527,1.3419141514847437,1.5296607777057558,0.8781901730232708,287732,277067,ARG_mid_3aer-ARG_mid
2017-07-15 12:30:00,-67.06358337402344,-0.9194202423095703,-66.1445541381836,-39.942569732666016,-30.538776397705078,4.482259750366211,-0.14547500014305115,-77.33293151855469,0.5119808912277222,1.9000760316848755,0.6038678317689717,0.46169742985874507,-0.0677646108114783,0.0021993491837614954,2.1611502684658874,1.3425935102151403,1.5301892730411188,0.8782248255761413,287436,276645,ARG_mid_3aer-ARG_mid
2017-07-15 12:32:00,-67.25701904296875,-0.9324905276298523,-66.3211441040039,-40.160430908203125,-30.743438720703125,4.697469711303711,-0.11473220586776733,-77.60951232910156,0.5129110217094421,1.923484206199646,0.6055450335010888,0.4635541708175066,-0.07082915340550382,0.0017299490869084194,2.1717271410172736,1.3455964735000079,1.532500453628185,0.8786885396878811,287257,276339,ARG_mid_3aer-ARG_mid
2017-07-15 12:34:00,-67.55553436279297,-0.9454329609870911,-66.61033630371094,-40.44219970703125,-30.931407928466797,4.917825698852539,-0.15454930067062378,-78.01097869873047,0.516015350818634,1.9494856595993042,0.6071460072954528,0.46436356640555193,-0.07382977379962248,0.002320200098617789,2.187184293734815,1.3488923479999788,1.5367483979915728,0.878632933439697,287014,275988,ARG_mid_3aer-ARG_mid
2017-07-15 12:36:00,-67.81013488769531,-0.9594733119010925,-66.84709167480469,-40.6741943359375,-31.046022415161133,5.054769515991211,-0.18165050446987152,-78.35856628417969,0.521452009677887,1.9973235130310059,0.6084660222939011,0.4644334718238229,-0.07561689668727391,0.002717402569549901,2.1975823123810083,1.350519745555834,1.5393109068079156,0.8783824150991009,286662,275678,ARG_mid_3aer-ARG_mid
2017-07-15 12:38:00,-67.88793182373047,-0.9818010330200195,-66.90999603271484,-40.67190170288086,-30.988746643066406,4.895816802978516,-0.1451655626296997,-78.48197937011719,0.5234091281890869,2.021104335784912,0.6078598772168019,0.46314075116179715,-0.07317019316511733,0.00216956478651828,2.188279645201926,1.3476143084730368,1.5363949187081656,0.8779451446922784,286421,275289,ARG_mid_3aer-ARG_mid
2017-07-15 12:40:00,-67.77369689941406,-0.9234621524810791,-66.83840942382812,-40.69356918334961,-31.021751403808594,4.943550109863281,-0.06664128601551056,-78.37521362304688,0.5179768204689026,1.992859959602356,0.6088351104553307,0.46413055032627293,-0.07396271143840813,0.0009970506568045268,2.188332209780503,1.3478405200441128,1.5353586249394344,0.878242270146791,286062,274634,ARG_mid_3aer-ARG_mid
2017-07-15 12:42:00,-67.74011993408203,-0.9176730513572693,-66.81693267822266,-40.764015197753906,-30.990062713623047,5.006989002227783,-0.06983646750450134,-78.36849975585938,0.5156636834144592,2.0010902881622314,0.6100851780426539,0.4638055712330593,-0.07493594063147331,0.0010451913557600473,2.193158523439813,1.3478636976281286,1.5358579177330864,0.8779902801397681,285713,274016,ARG_mid_3aer-ARG_mid
2017-07-15 12:44:00,-67.84427642822266,-0.8968029022216797,-66.94268798828125,-41.0967903137207,-30.979991912841797,5.25712776184082,-0.12302107363939285,-78.52610778808594,0.514818549156189,1.9945268630981445,0.6139101928132207,0.46278388850938296,-0.07853178916918649,0.0018377078465828534,2.205167286379749,1.3472502084872793,1.536305634436017,0.8776337733382237,285339,273426,ARG_mid_3aer-ARG_mid
2017-07-15 12:46:00,-67.92684936523438,-0.9078921675682068,-67.011474609375,-40.70378494262695,-30.944929122924805,4.773011684417725,-0.13576579093933105,-78.65506744384766,0.5163365602493286,1.9866360425949097,0.607415163068585,0.4617856132464411,-0.07122678461412288,0.0020260082990967987,2.171987858945666,1.3429116064963245,1.5305883530207216,0.8781395707129922,284993,272899,ARG_mid_3aer-ARG_mid
2017-07-15 12:48:00,-67.76554870605469,-0.8835775852203369,-66.87332153320312,-41.02093505859375,-30.797792434692383,5.060398578643799,-0.11498087644577026,-78.51942443847656,0.5155990719795227,1.9846057891845703,0.6134125925212942,0.4605394528253559,-0.07567142915115171,0.0017193838045015952,2.179063764019949,1.339626033504592,1.5269281571553708,0.8779727359118964,284831,272647,ARG_mid_3aer-ARG_mid
2017-07-15 12:50:00,-67.53752136230469,-0.8843647837638855,-66.64180755615234,-40.804439544677734,-30.837926864624023,5.071554183959961,-0.07100829482078552,-78.29090881347656,0.5152695178985596,1.9635897874832153,0.6122947106446889,0.4627414270488521,-0.07610165923235827,0.0010655215388172684,2.174103367931253,1.3410645072328455,1.526213834505886,0.8790830955036675,284846,272325,ARG_mid_3aer-ARG_mid
2017-07-15 12:52:00,-67.44866943359375,-0.9294978380203247,-66.52301025390625,-41.03009033203125,-30.835908889770508,5.427559852600098,-0.08457116782665253,-78.22176361083984,0.5154773592948914,1.9647626876831055,0.6167804146464119,0.46353749225938495,-0.081589214065881,0.0012713071600841813,2.1891774598147413,1.3423569777170847,1.5272204702032213,0.8794275844277832,284592,271806,ARG_mid_3aer-ARG_mid
2017-07-15 12:54:00,-67.492431640625,-0.8563178181648254,-66.6282730102539,-40.89556884765625,-31.16990089416504,5.491497993469238,-0.05431203171610832,-78.30804443359375,0.5155104994773865,1.973524808883667,0.6137869105017568,0.46781786625614946,-0.082419926664997,0.0008151499070907231,2.188789953234901,1.3478726554493596,1.530230635697132,0.8811352485638911,284184,271146,ARG_mid_3aer-ARG_mid
2017-07-15 12:56:00,-67.43017578125,-0.7650392651557922,-66.65998077392578,-40.982452392578125,-31.273754119873047,5.714538097381592,-0.11831016093492508,-78.2706527709961,0.5135117769241333,1.9647245407104492,0.6147984580435978,0.4691533783463584,-0.08572666668067341,0.001774830290717233,2.192118089006096,1.3491394003870896,1.5304201338226122,0.88221444143699,283714,270612,ARG_mid_3aer-ARG_mid
2017-07-15 12:58:00,-67.2790756225586,-0.7447277307510376,-66.53691864013672,-41.063114166259766,-31.111129760742188,5.611351490020752,0.02597784250974655,-78.11759948730469,0.5099498629570007,1.9358501434326172,0.6171479012928391,0.46757693784695953,-0.0843344115731227,-0.0003904275666759688,2.1865098822744358,1.3449462179530947,1.5258302646126982,0.8813066503181629,283354,270220,ARG_mid_3aer-ARG_mid
2017-07-15 13:00:00,-67.19728088378906,-0.8445711135864258,-66.34896850585938,-41.13639831542969,-30.63661003112793,5.436790466308594,-0.012757879681885242,-78.03252410888672,0.5091151595115662,1.9385981559753418,0.6200005052627384,0.4617495588143025,-0.08194234857269796,0.00019228449565701633,2.179162996373051,1.3365086501119847,1.5201135946870354,0.87928710238865,283203,269692,ARG_mid_3aer-ARG_mid
